{
  "n_estimators": 184,
  "max_depth": 5,
  "learning_rate": 0.023484659951437763,
  "subsample": 0.9251528887027451,
  "colsample_bytree": 0.8287149944651027,
  "random_state": 42
}